alias,market,season,conf_alias,wins,losses,win_pct,off_ptsperposs,def_ptsperposs,net_ptsperposs,possperg,adj_off_ptsperposs,adj_def_ptsperposs,adj_net_ptsperposs,adj_possperg,off_sd,def_sd,opp_adj_net_ptsperposs,seed,tournament_wins
VILL,Villanova,2017,BIGEAST,30,4,0.882352941,1.237665161,0.988028862,0.249636299,70.34117647,1.349360149,0.946084228,0.403275921,69.9468902,0.147316656,0.126021797,0.075604313,1,6
MICH,Michigan,2017,BIG10,28,7,0.8,1.141080655,0.957630038,0.183450617,65.25142857,1.189623102,0.907002131,0.282620971,63.28863568,0.155428729,0.127102867,0.069230475,3,5
L-IL,Loyola (IL),2017,MVC,28,5,0.848484848,1.109872759,0.941338222,0.168534538,65.25454545,1.148219416,0.907239717,0.240979699,63.27301923,0.138252005,0.102412181,-0.006331278,11,4
KU,Kansas,2017,BIG12,27,7,0.794117647,1.166442162,1.007350484,0.159091678,69.87058824,1.225408861,0.985519803,0.239889058,69.70601055,0.15086714,0.138048961,0.098050537,1,4
FSU,Florida State,2017,ACC,20,11,0.64516129,1.120986999,1.010061242,0.110925757,72.9483871,1.160295072,0.997011893,0.163283179,74.92229604,0.123069518,0.166304469,0.05177747,9,3
DUKE,Duke,2017,ACC,26,7,0.787878788,1.194342364,0.966019009,0.228323355,70.91515152,1.280266694,0.915047614,0.36521908,71.73523768,0.14728529,0.116386129,0.097937038,2,3
TTU,Texas Tech,2017,BIG12,24,9,0.727272727,1.110663804,0.937966787,0.172697017,67.74545455,1.139108498,0.888601177,0.250507321,66.20637991,0.122751116,0.134904279,0.065307186,3,3
KSU,Kansas State,2017,BIG12,22,11,0.666666667,1.091008772,1.02283105,0.068177722,66.32727273,1.10515982,1.00290289,0.102256931,64.52774563,0.185305999,0.139158777,0.060835015,9,3
UK,Kentucky,2017,SEC,24,10,0.705882353,1.104478876,1.012025745,0.09245313,69.47647059,1.139992053,0.991680088,0.148311965,69.53966756,0.153504486,0.08843552,0.112871592,5,2
PUR,Purdue,2017,BIG10,28,6,0.823529412,1.189531775,0.957857695,0.231674081,68.21764706,1.268600889,0.920943921,0.347656968,68.01045619,0.163293539,0.153815889,0.07811799,2,2
CLEM,Clemson,2017,ACC,23,9,0.71875,1.08484456,0.972209399,0.112635161,67.55,1.104073438,0.932005029,0.17206841,66.52561376,0.14543646,0.101532054,0.088631664,5,2
NEV,Nevada,2017,MWC,27,7,0.794117647,1.173270205,1.020593081,0.152677124,70.81764706,1.254610518,1.000046684,0.254563834,71.27848724,0.142123196,0.132302723,0.056622026,7,2
TXAM,Texas A&M,2017,SEC,20,12,0.625,1.059228529,0.989634092,0.069594436,70.80625,1.064766904,0.95370039,0.111066514,71.11611975,0.137122885,0.139148661,0.096120637,7,2
SYR,Syracuse,2017,ACC,20,13,0.606060606,1.038773418,0.98229109,0.056482328,65.02424242,1.030477856,0.94727176,0.083206096,62.89160455,0.145312623,0.133726467,0.091566965,11,2
GONZ,Gonzaga,2017,WCC,30,4,0.882352941,1.198081735,0.953216374,0.244865361,70.52941176,1.268832078,0.907839158,0.36099292,71.49548471,0.133441325,0.117088615,0.01774627,4,2
WVU,West Virginia,2017,BIG12,24,10,0.705882353,1.125290988,0.99322608,0.132064908,70.75294118,1.167183555,0.973673806,0.193509748,71.46190626,0.128280972,0.186966864,0.070590418,5,2
UNC,North Carolina,2017,ACC,25,10,0.714285714,1.131844721,1.020579086,0.111265636,72.42285714,1.193071909,0.994930655,0.198141254,74.49727627,0.145295238,0.112407274,0.134821856,2,1
OSU,Ohio State,2017,BIG10,24,8,0.75,1.118281553,0.979528137,0.138753415,67.79375,1.153032028,0.950204376,0.202827652,67.12862547,0.131794451,0.136066317,0.104582248,5,1
UMBC,UMBC,2017,AE,24,10,0.705882353,1.062759029,1.004764336,0.057994693,69.54705882,1.068361288,0.998460344,0.069900944,69.43651481,0.165310102,0.127355341,-0.052596562,16,1
HOU,Houston,2017,AAC,26,7,0.787878788,1.133439801,0.956677088,0.176762713,68.30909091,1.178709287,0.917702536,0.261006752,68.26762052,0.110494813,0.138486244,0.039007231,6,1
FLA,Florida,2017,SEC,20,12,0.625,1.11040146,1.003432081,0.106969379,68.5,1.14054217,0.983466163,0.157076007,67.98331035,0.1656817,0.139860417,0.092949979,6,1
AUB,Auburn,2017,SEC,25,7,0.78125,1.14280819,1.004710921,0.138097269,72.95625,1.193176267,0.987128024,0.206048243,74.73356236,0.119278941,0.112641484,0.057317147,4,1
ALA,Alabama,2017,SEC,19,15,0.558823529,1.044497283,0.99698265,0.047514632,69.27058824,1.043071906,0.971825234,0.071246672,69.03575738,0.129220547,0.133652149,0.091624843,9,1
URI,Rhode Island,2017,A10,25,7,0.78125,1.100279809,0.989977221,0.110302588,69.24375,1.127360262,0.961610721,0.165749541,69.48240943,0.164511866,0.127470236,0.048236891,7,1
XAV,Xavier,2017,BIGEAST,28,5,0.848484848,1.166820509,1.024935368,0.14188514,72.22424242,1.228523452,1.010518622,0.21800483,72.89512332,0.124392535,0.139981845,0.086519282,1,1
HALL,Seton Hall,2017,BIGEAST,21,11,0.65625,1.110427831,1.027145359,0.083282472,71.14375,1.146203208,1.008811158,0.13739205,71.38185014,0.132593703,0.101944967,0.084612786,8,1
CIN,Cincinnati,2017,AAC,30,4,0.882352941,1.128342246,0.855947137,0.272395109,66,1.166911148,0.77860943,0.388301717,64.47251564,0.132467261,0.135980455,0.025776619,2,1
TENN,Tennessee,2017,SEC,25,8,0.757575758,1.101070048,0.983834755,0.117235292,67.4,1.138741233,0.943146931,0.195594302,66.3872525,0.157314579,0.14453315,0.08831251,3,1
BUFF,Buffalo,2017,MAC,26,8,0.764705882,1.131298069,1.017999526,0.113298543,74.95294118,1.180453058,1.002980918,0.17747214,77.26199656,0.14165785,0.11058348,0.024691338,13,1
MRSH,Marshall,2017,CUSA,24,10,0.705882353,1.097869405,1.019166413,0.078702992,76.75294118,1.125250414,1.01197698,0.113273434,79.95454361,0.111179003,0.122077826,0.031050007,13,1
MSU,Michigan State,2017,BIG10,29,4,0.878787879,1.195418754,0.941767245,0.253651509,67.73333333,1.262906261,0.899976951,0.36292931,66.88744073,0.151442538,0.126098606,0.057377424,3,1
BUT,Butler,2017,BIGEAST,20,13,0.606060606,1.101037362,1.027725483,0.073311878,71.86060606,1.125304675,1.006715803,0.118588872,72.38640417,0.144909274,0.165710989,0.100904305,10,1
TXSO,Texas Southern,2017,SWAC,15,19,0.441176471,1.068393363,1.086398974,-0.018005611,72.67647059,1.101703713,1.101816775,-0.000113062,73.96275008,0.152810061,0.139535892,-0.03850731,16,0
SBON,St. Bonaventure,2017,A10,25,7,0.78125,1.124188312,1.003267685,0.120920626,69.3,1.167745866,0.97614568,0.191600187,69.75961722,0.14178653,0.151349489,0.026064447,11,0
PROV,Providence,2017,BIGEAST,21,13,0.617647059,1.043731778,1.029926642,0.013805136,70.61764706,1.041284958,1.011195104,0.030089854,70.27140207,0.14108564,0.118623772,0.098880368,10,0
NMSU,New Mexico State,2017,WAC,28,5,0.848484848,1.089453533,0.913511636,0.175941897,69.64848485,1.106829706,0.87264649,0.234183216,68.91513447,0.124726728,0.126580732,-0.034305232,12,0
WICH,Wichita State,2017,AAC,25,7,0.78125,1.178245054,1.012057807,0.166187247,70.44375,1.250656551,1.008295468,0.242361083,71.10517873,0.124828102,0.172961505,0.055425556,4,0
SDST,South Dakota State,2017,SUMMIT,28,6,0.823529412,1.175631622,1.013279678,0.162351944,72.17647059,1.228232654,1.000889443,0.227343211,72.53386355,0.16002137,0.106889044,-0.016095529,12,0
COFC,Charleston,2017,COLONIAL,26,7,0.787878788,1.133058985,1.03702011,0.096038875,66.27272727,1.160992975,1.02461058,0.136382395,64.60082095,0.145687386,0.123134885,-0.027197539,13,0
OKLA,Oklahoma,2017,BIG12,18,13,0.580645161,1.106454317,1.059793987,0.04666033,76.96774194,1.137506484,1.058654145,0.078852339,80.62919422,0.125166003,0.117688082,0.085761692,10,0
NCST,North Carolina State,2017,ACC,21,11,0.65625,1.121515491,1.035096864,0.086418628,72.41875,1.147394343,1.041398841,0.105995502,74.17744132,0.136350496,0.105158258,0.064664075,9,0
WRST,Wright State,2017,HORIZON,25,9,0.735294118,1.030412501,0.93598123,0.094431271,70.01764706,1.028857038,0.894859027,0.133998011,69.51936574,0.144088349,0.116678171,-0.017164667,14,0
RAD,Radford,2017,BIGSOUTH,22,12,0.647058824,1.057736721,1.003669725,0.054066996,63.67647059,1.074843103,0.979500597,0.095342506,61.47633839,0.130151887,0.147915766,-0.001830932,16,0
TEX,Texas,2017,BIG12,19,14,0.575757576,1.043650794,0.991280606,0.052370188,68.72727273,1.041496293,0.956487479,0.085008814,67.94106389,0.131539032,0.14097989,0.09959264,10,0
MURR,Murray State,2017,OVC,26,5,0.838709677,1.168242146,0.961120045,0.207122101,67.56774194,1.218073275,0.941232701,0.276840574,66.4487717,0.131614325,0.128091036,-0.048955688,12,0
ARK,Arkansas,2017,SEC,23,11,0.676470588,1.132238193,1.061420187,0.070818006,71.61764706,1.170494713,1.07096234,0.099532373,72.48947592,0.136115067,0.150473934,0.074523857,7,0
UNCG,UNC Greensboro,2017,SOUTHERN,27,7,0.794117647,1.077839144,0.933620917,0.144218227,68.16470588,1.081583677,0.892104007,0.18947967,67.14332237,0.142592887,0.129099943,-0.041151888,13,0
TCU,TCU,2017,BIG12,21,11,0.65625,1.165832675,1.061506203,0.104326472,71.19375,1.224259723,1.063291013,0.160968709,71.7938583,0.129262908,0.125693051,0.101241779,6,0
VT,Virginia Tech,2017,ACC,21,11,0.65625,1.13711331,1.024542615,0.112570695,70.10625,1.172657225,1.015916434,0.15674079,70.47104025,0.156819232,0.128432584,0.060658337,8,0
DAV,Davidson,2017,A10,21,11,0.65625,1.169999043,1.034845874,0.135153169,65.33125,1.246333804,1.018903178,0.227430626,63.57250715,0.187628457,0.116756066,0.022064907,12,0
MONT,Montana,2017,BIGSKY,26,7,0.787878788,1.101426985,0.975148336,0.126278648,70.92727273,1.129659256,0.946510587,0.18314867,70.83272169,0.12269849,0.11368261,-0.011618912,14,0
UVA,Virginia,2017,ACC,31,2,0.939393939,1.113831701,0.880031965,0.233799736,60.64242424,1.151749679,0.802404307,0.349345372,56.43379707,0.126023617,0.130751755,0.088361364,1,0
LIP,Lipscomb,2017,AS,23,9,0.71875,1.071196886,1.004373886,0.066823,77.075,1.088458665,0.981209622,0.107249043,79.6973447,0.135501231,0.122806568,-0.015993012,15,0
SFA,Stephen F. Austin,2017,SOUTHLAND,28,6,0.823529412,1.105191476,0.931017849,0.174173627,73.42352941,1.120613587,0.901071871,0.219541716,73.77440049,0.123983495,0.109825766,-0.066400862,14,0
CREI,Creighton,2017,BIGEAST,21,11,0.65625,1.149420389,1.015044021,0.134376368,73.325,1.184331646,1.004416209,0.179915437,74.45112041,0.127548681,0.128576543,0.055116924,8,0
PENN,Pennsylvania,2017,IVY,24,8,0.75,1.071960733,0.9581517,0.113809033,71.30625,1.076506712,0.931034543,0.145472169,71.84011242,0.168768737,0.140868263,-0.010622807,16,0
GAST,Georgia State,2017,SUNBELT,24,10,0.705882353,1.094537995,0.984001376,0.110536618,68.81764706,1.127556999,0.965386605,0.162170394,67.87018954,0.137412361,0.162940048,-0.00926681,15,0
CSF,Cal State Fullerton,2017,BIGWEST,20,11,0.64516129,1.047241188,0.992684042,0.054557146,69.92258065,1.048705556,0.973297573,0.075407983,70.32857955,0.158463048,0.12077042,-0.032646862,15,0
SDSU,San Diego State,2017,MWC,22,10,0.6875,1.102320206,0.974439462,0.127880744,70.30625,1.123072431,0.93750638,0.185566051,70.21102695,0.107729955,0.149700157,0.027744167,11,0
BUCK,Bucknell,2017,PATRIOT,25,9,0.735294118,1.1125,0.996219434,0.116280566,72.94117647,1.154027472,0.966888295,0.187139176,74.91266543,0.123692289,0.130229217,-0.01035286,14,0
IONA,Iona,2017,MAAC,20,13,0.606060606,1.098924014,1.058729356,0.040194657,72.66060606,1.140598671,1.057347782,0.083250888,73.8874722,0.142219122,0.101939807,0.009960099,15,0
MIA,Miami (FL),2017,ACC,22,9,0.709677419,1.079545455,0.99612696,0.083418494,68.69677419,1.102871271,0.962297554,0.140573717,68.39401194,0.163097979,0.155986443,0.063845547,6,0
ARIZ,Arizona,2017,PAC12,27,7,0.794117647,1.17793198,1.02006407,0.15786791,68.66470588,1.243891385,1.002827586,0.241063799,67.92842292,0.145205581,0.125815969,0.046084881,4,0
MIZZ,Missouri,2017,SEC,20,12,0.625,1.094873471,0.993616051,0.10125742,66.93125,1.122532602,0.969807077,0.152725525,65.39609963,0.152606688,0.144460394,0.068516335,8,0
UNC,North Carolina,2016,ACC,27,7,0.794117647,1.167785778,0.980720529,0.187065248,72.71176471,1.232468804,0.936059993,0.296408811,74.42805382,0.147866025,0.157545476,0.08349764,1,6
GONZ,Gonzaga,2016,WCC,32,1,0.96969697,1.195289079,0.867509243,0.327779837,70.75757576,1.275518271,0.796349993,0.479168278,71.7177289,0.134516842,0.115225934,0.029704443,1,5
SCAR,South Carolina,2016,SEC,22,10,0.6875,1.014428999,0.924614557,0.089814442,71.0375,1.002839805,0.878606072,0.124233733,71.57539527,0.132006973,0.135886705,0.053037412,7,4
ORE,Oregon,2016,PAC12,29,5,0.852941176,1.152000685,0.931731985,0.220268701,68.65294118,1.202131047,0.887856258,0.314274789,67.92964624,0.139702657,0.108219114,0.039921479,3,4
XAV,Xavier,2016,BIGEAST,21,13,0.617647059,1.093251745,1.039506384,0.053745361,68.25294118,1.125170545,1.022101132,0.103069414,67.83645434,0.128198262,0.135684338,0.099086673,11,3
FLA,Florida,2016,SEC,24,8,0.75,1.115514784,0.93143257,0.184082215,70.175,1.172995203,0.865076776,0.307918427,70.14270504,0.150715284,0.129781053,0.095047924,4,3
UK,Kentucky,2016,SEC,29,5,0.852941176,1.154393173,0.956761006,0.197632167,74.44705882,1.213961143,0.914364845,0.299596298,76.58630899,0.120639135,0.109798797,0.081380543,2,3
KU,Kansas,2016,BIG12,28,4,0.875,1.15237266,1.008974471,0.143398189,71.78125,1.219818166,0.981308231,0.238509935,72.77497798,0.111321658,0.127689348,0.10512774,1,3
BAY,Baylor,2016,BIG12,25,7,0.78125,1.117782688,0.966763006,0.151019682,65.05625,1.157790349,0.928969909,0.228820439,62.80910817,0.136119482,0.118984125,0.093212,3,2
BUT,Butler,2016,BIGEAST,23,8,0.741935484,1.146944714,1.014257009,0.132687705,66.51612903,1.204025369,0.993367593,0.210657776,65.14570388,0.124968018,0.132614211,0.098750059,4,2
WVU,West Virginia,2016,BIG12,26,8,0.764705882,1.136994125,0.919657423,0.217336703,72.09411765,1.178878762,0.869261296,0.309617466,73.6185378,0.11043408,0.149445437,0.06886902,4,2
PUR,Purdue,2016,BIG10,25,7,0.78125,1.136222636,0.946696035,0.189526601,70.51875,1.185820645,0.900096684,0.285723961,70.96423676,0.119151307,0.115715547,0.070482824,4,2
MICH,Michigan,2016,BIG10,24,11,0.685714286,1.173780488,1.022828607,0.150951881,63.72571429,1.252569141,1.011487598,0.241081543,60.98019009,0.178599311,0.161112843,0.089104111,7,2
WIS,Wisconsin,2016,BIG10,25,9,0.735294118,1.102397692,0.940286409,0.162111283,65.25882353,1.130418827,0.890304437,0.24011439,62.99063585,0.142713274,0.138655621,0.062209139,8,2
ARIZ,Arizona,2016,PAC12,30,4,0.882352941,1.143197249,0.968317521,0.174879728,66.71176471,1.198064106,0.9300461,0.268018006,65.11867604,0.119598842,0.122053666,0.080274061,2,2
UCLA,UCLA,2016,PAC12,29,4,0.878787879,1.208559617,1.009256252,0.199303365,74.76969697,1.288921667,0.999798763,0.289122904,77.58137355,0.143238962,0.113756785,0.030461896,3,2
UVA,Virginia,2016,ACC,22,10,0.6875,1.087355853,0.908812417,0.178543436,61.24375,1.116720672,0.83289191,0.283828762,57.51920584,0.155729445,0.15827928,0.10095771,5,1
SMC,Saint Mary's,2016,WCC,28,4,0.875,1.193906104,0.927750411,0.266155694,60.30625,1.277117585,0.881696525,0.39542106,56.1177987,0.166183929,0.163129553,0.029895967,7,1
LOU,Louisville,2016,ACC,24,8,0.75,1.128856129,0.952617777,0.176238351,68.68125,1.175083473,0.900675855,0.274407617,68.60208575,0.150294178,0.155209986,0.126964133,2,1
ISU,Iowa State,2016,BIG12,23,10,0.696969697,1.132467753,1.000926784,0.131540969,71.41818182,1.18700977,0.971703247,0.215306523,71.68271187,0.142304638,0.132475652,0.107658538,5,1
VILL,Villanova,2016,BIGEAST,31,3,0.911764706,1.197406601,0.944773874,0.252632728,64.87058824,1.282254658,0.894612403,0.387642255,62.71731953,0.163266809,0.130302757,0.069261797,1,1
MSU,Michigan State,2016,BIG10,19,14,0.575757576,1.067851665,1.001865175,0.06598649,67.16969697,1.089538019,0.977853851,0.111684169,65.80085203,0.134468071,0.118289364,0.106627613,9,1
USC,USC,2016,PAC12,24,9,0.727272727,1.119686126,1.025477707,0.094208419,70.28484848,1.15333579,1.011953538,0.141382251,70.3949705,0.110302264,0.113597856,0.048726528,11,1
WICH,Wichita State,2016,AAC,30,4,0.882352941,1.181802779,0.886430063,0.295372716,69.43529412,1.247296495,0.834625007,0.412671488,69.80990693,0.15804726,0.154721792,-0.016555255,10,1
NW,Northwestern,2016,BIG10,23,11,0.676470588,1.066260808,0.980844271,0.085416537,66.67058824,1.078135474,0.959668944,0.11846653,65.26732443,0.155205065,0.112126623,0.063139201,8,1
FSU,Florida State,2016,ACC,25,8,0.757575758,1.146939808,0.992740165,0.154199642,71.89090909,1.189855751,0.962921636,0.226934115,73.08071407,0.137298484,0.109708128,0.089144528,3,1
URI,Rhode Island,2016,A10,24,9,0.727272727,1.097560976,0.962853031,0.134707944,66.84242424,1.132884062,0.929250441,0.20363362,65.78569728,0.169601552,0.133387704,0.046559683,11,1
MTU,Middle Tennessee,2016,CUSA,30,4,0.882352941,1.136809269,0.962191634,0.174617635,66,1.183700719,0.928709965,0.254990754,63.83434722,0.15146755,0.121124358,-0.002927501,12,1
DUKE,Duke,2016,ACC,27,8,0.771428571,1.173316708,1.002132196,0.171184512,68.74285714,1.243974953,0.971286258,0.272688696,68.26979659,0.14624719,0.144527033,0.109515722,2,1
ND,Notre Dame,2016,ACC,25,9,0.735294118,1.146959606,1.01308878,0.133870826,68.00588235,1.195610334,0.994542452,0.201067882,67.43662356,0.116937613,0.104383587,0.0968892,5,1
ARK,Arkansas,2016,SEC,25,9,0.735294118,1.115726271,1.041908233,0.073818038,71.51764706,1.155493437,1.048185347,0.107308091,71.9495498,0.109792019,0.139423377,0.068480431,8,1
CIN,Cincinnati,2016,AAC,29,5,0.852941176,1.141363145,0.920338229,0.221024916,65.24705882,1.183587048,0.87407683,0.309510219,63.54156614,0.131380774,0.149322891,0.053748294,6,1
UVM,Vermont,2016,AE,29,5,0.852941176,1.139719285,0.9375,0.202219285,64.54117647,1.183793691,0.896506236,0.287287456,62.3370365,0.153754846,0.150651243,-0.035817772,13,0
PRIN,Princeton,2016,IVY,23,6,0.793103448,1.104012672,0.946290203,0.157722469,65.31034483,1.152371813,0.904609206,0.247762607,63.03687673,0.147783893,0.106194762,-0.024721943,12,0
CREI,Creighton,2016,BIGEAST,25,9,0.735294118,1.122096295,1.003664495,0.118431799,73.18235294,1.150964171,0.984706688,0.166257483,74.93039689,0.13856592,0.132728757,0.050690154,6,0
KENT,Kent State,2016,MAC,22,13,0.628571429,1.07071832,1.002376238,0.068342082,71.83428571,1.07118869,0.99169412,0.07949457,71.69417695,0.141568156,0.1212715,-0.01322123,14,0
HALL,Seton Hall,2016,BIGEAST,21,11,0.65625,1.061634537,1.012806638,0.048827899,69.05625,1.069094194,0.991336562,0.077757632,68.84390956,0.126671396,0.111085538,0.073121668,9,0
NEV,Nevada,2016,MWC,28,6,0.823529412,1.133766992,0.996447162,0.13731983,70.53529412,1.190369452,0.980101719,0.210267733,71.01180679,0.132821901,0.112976135,0.026162633,12,0
MARQ,Marquette,2016,BIGEAST,19,12,0.612903226,1.166225951,1.068867231,0.09735872,70.75483871,1.229429595,1.080305075,0.149124519,71.60799179,0.162731334,0.141231856,0.067396413,10,0
UCD,UC Davis,2016,BIGWEST,22,12,0.647058824,0.995347291,0.979842757,0.015504535,70.8,0.978384824,0.961400991,0.016983833,71.15156555,0.107469648,0.12006792,-0.054386787,16,0
WIN,Winthrop,2016,BIGSOUTH,26,6,0.8125,1.096261281,0.962543927,0.133717353,72.71875,1.127609781,0.937514269,0.190095512,74.39526523,0.140980037,0.110933787,-0.039203519,13,0
ETSU,East Tennessee State,2016,SOUTHERN,27,7,0.794117647,1.115353038,0.971649909,0.143703128,71.64705882,1.135043272,0.938317375,0.196725897,72.24774685,0.132973393,0.123578801,-0.006187867,13,0
MD,Maryland,2016,BIG10,24,8,0.75,1.084452975,0.994500458,0.089952517,68.38125,1.109943382,0.987458822,0.122484559,68.00161874,0.156896907,0.116724674,0.035776221,6,0
VT,Virginia Tech,2016,ACC,22,10,0.6875,1.136200717,1.058410384,0.077790333,69.75,1.178216373,1.064951868,0.113264505,69.86214092,0.162475621,0.140329214,0.069020235,9,0
BUCK,Bucknell,2016,PATRIOT,26,8,0.764705882,1.092036443,0.958078822,0.133957622,69.72941176,1.127547357,0.935417605,0.192129752,70.31801009,0.122710393,0.127113197,-0.006599481,13,0
TROY,Troy,2016,SUNBELT,22,14,0.611111111,1.116646896,1.031726411,0.084920485,70.25,1.148124473,1.038888486,0.109235987,69.76324464,0.15347658,0.120797687,-0.046596064,15,0
DAY,Dayton,2016,A10,24,7,0.774193548,1.102735902,0.951370305,0.151365596,69.32903226,1.133960977,0.923216121,0.210744856,69.34821487,0.140161411,0.112139924,0.018723864,7,0
MSM,Mount St. Mary's,2016,NE,19,15,0.558823529,0.997423787,1.000686577,-0.00326279,68.5,0.992264757,0.980945665,0.011319092,67.66504478,0.145823694,0.10723671,-0.009069268,16,0
KSU,Kansas State,2016,BIG12,20,13,0.606060606,1.06929888,0.997651522,0.071647358,67.07878788,1.093163873,0.96772153,0.125442342,65.56057243,0.155185408,0.138012572,0.090670901,11,0
VAN,Vanderbilt,2016,SEC,19,15,0.558823529,1.067965444,1.014626029,0.053339415,66.72941176,1.097349208,0.993287748,0.10406146,65.07821369,0.145365164,0.160465868,0.116642902,9,0
UND,North Dakota,2016,BIGSKY,22,9,0.709677419,1.096757184,0.989999123,0.106758062,73.41290323,1.10106056,0.966836936,0.134223624,74.36352452,0.123700799,0.113032266,-0.067381567,15,0
VCU,Virginia Commonwealth,2016,A10,26,8,0.764705882,1.069322776,0.960524077,0.108798699,69.83529412,1.087805217,0.9260566,0.161748616,70.47197271,0.122171698,0.101351581,0.044823051,10,0
OKST,Oklahoma State,2016,BIG12,20,12,0.625,1.172162741,1.078710904,0.093451837,72.96875,1.251158543,1.091559649,0.159598894,74.56622246,0.131726834,0.149002159,0.105126739,10,0
MIA,Miami (FL),2016,ACC,21,11,0.65625,1.065259117,0.973163977,0.09209514,65.125,1.070696309,0.934223745,0.136472564,62.91439098,0.131607687,0.154658021,0.083378802,8,0
UNCW,North Carolina-Wilmington,2016,COLONIAL,29,5,0.852941176,1.189615511,1.058643028,0.130972483,71.6,1.263415165,1.058219823,0.205195342,72.02284965,0.181983082,0.125233973,0.020805254,12,0
MINN,Minnesota,2016,BIG10,24,9,0.727272727,1.049429658,0.942694121,0.106735537,71.72727273,1.049952515,0.899237543,0.150714972,73.00629887,0.133243698,0.121163015,0.090368573,5,0
TXSO,Texas Southern,2016,SWAC,23,11,0.676470588,1.077821343,1.025027295,0.052794048,69.01176471,1.11480761,1.008736505,0.106071105,68.76782604,0.127589324,0.180181455,-0.057268784,16,0
JVST,Jacksonville State,2016,OVC,20,14,0.588235294,1.071105891,1.033893734,0.037212157,65.10588235,1.101586622,1.016802179,0.084784443,62.62738413,0.16324464,0.143803036,-0.02412689,15,0
NMSU,New Mexico State,2016,WAC,28,5,0.848484848,1.148589065,0.957373371,0.191215694,68.72727273,1.187806445,0.942839536,0.244966909,67.26237599,0.139507325,0.135636693,-0.060651126,14,0
NKU,Northern Kentucky,2016,HORIZON,24,10,0.705882353,1.086628053,1.024976234,0.06165182,70.07647059,1.106922213,1.017382786,0.089539427,68.83313024,0.111156574,0.129854371,-0.011811883,15,0
IONA,Iona,2016,MAAC,22,12,0.647058824,1.108679796,1.047111972,0.061567824,72.58235294,1.148196278,1.043420818,0.104775461,73.39867384,0.139047627,0.130981473,0.001442337,14,0
SDST,South Dakota State,2016,SUMMIT,18,16,0.529411765,1.117657031,1.103329699,0.014327333,69.39411765,1.155095126,1.12198007,0.033115056,68.50468631,0.155159333,0.128736264,0.011946484,16,0
SMU,SMU,2016,AAC,30,4,0.882352941,1.180581439,0.939058172,0.241523267,63.12941176,1.259497233,0.903474848,0.356022385,60.75574436,0.152900819,0.131808482,0.042087196,6,0
FGCU,Florida Gulf Coast,2016,AS,26,7,0.787878788,1.146744837,0.996400667,0.15034417,69.26060606,1.171732337,0.986735474,0.184996863,67.92521763,0.158002925,0.117062979,-0.058813162,14,0
VILL,Villanova,2015,BIGEAST,29,5,0.852941176,1.145495929,0.936851211,0.208644718,67.19411765,1.201003167,0.890144147,0.31085902,65.86795018,0.149588351,0.133591923,0.061585458,2,6
UNC,North Carolina,2015,ACC,28,6,0.823529412,1.163477537,0.983286213,0.180191324,70.70588235,1.218954253,0.949298867,0.269655386,72.32216902,0.114038854,0.097580445,0.083202554,1,5
SYR,Syracuse,2015,ACC,19,13,0.59375,1.069083643,0.991046183,0.07803746,65.68125,1.086190652,0.952095833,0.134094818,64.31018925,0.140003918,0.127092377,0.078414856,10,4
OKLA,Oklahoma,2015,BIG12,25,7,0.78125,1.124169871,0.97314567,0.151024201,71.525,1.17658242,0.928055539,0.248526881,72.56931805,0.10185122,0.108185272,0.092006477,2,4
UVA,Virginia,2015,ACC,26,7,0.787878788,1.154649428,0.981066268,0.17358316,60.93939394,1.218740597,0.938693956,0.28004664,57.5530725,0.121317943,0.117753185,0.114014687,1,3
KU,Kansas,2015,BIG12,30,4,0.882352941,1.164245529,0.969847553,0.194397975,70.05294118,1.230318214,0.930314736,0.300003478,70.60162186,0.132734587,0.108068671,0.083953256,1,3
ORE,Oregon,2015,PAC12,28,6,0.823529412,1.134055518,0.982770157,0.151285361,69.50588235,1.187639239,0.958580358,0.22905888,68.89466461,0.114348711,0.118477587,0.068895117,1,3
ND,Notre Dame,2015,ACC,21,11,0.65625,1.160551777,1.0660689,0.094482877,65.24375,1.221829409,1.062371802,0.159457606,63.67946313,0.153740077,0.137741408,0.082593282,6,3
MD,Maryland,2015,BIG10,25,8,0.757575758,1.132467064,0.987180645,0.145286419,67.16363636,1.179824431,0.96459194,0.215232492,66.6612034,0.125950318,0.126754772,0.066916268,5,2
WIS,Wisconsin,2015,BIG10,20,12,0.625,1.075331772,0.999226156,0.076105616,64.05,1.101372695,0.971172148,0.130200547,61.6193807,0.14388356,0.122623065,0.100424079,7,2
MIA,Miami (FL),2015,ACC,25,7,0.78125,1.153039832,1.0034732,0.149566632,65.5875,1.2139061,0.969211349,0.244694752,64.37956654,0.139840194,0.141844187,0.096807937,3,2
TXAM,Texas A&M,2015,SEC,26,8,0.764705882,1.104880137,0.955648966,0.149231171,68.70588235,1.124813027,0.91877733,0.206035697,68.10361509,0.123004109,0.138154134,0.069787758,3,2
GONZ,Gonzaga,2015,WCC,26,7,0.787878788,1.171283513,0.965547703,0.20573581,68.04242424,1.23722724,0.933296349,0.30393089,67.25875896,0.199011861,0.123248372,0.013996061,11,2
IND,Indiana,2015,BIG10,25,7,0.78125,1.198779822,1.001817356,0.196962466,68.6375,1.269986187,0.985407432,0.284578755,68.54510066,0.157182469,0.134414335,0.044146615,5,2
ISU,Iowa State,2015,BIG12,21,11,0.65625,1.135338998,1.031473042,0.103865956,72.0875,1.193264188,1.021676584,0.171587604,73.76106626,0.119872324,0.138289802,0.0911986,4,2
DUKE,Duke,2015,ACC,23,10,0.696969697,1.187908786,1.040427021,0.147481764,68.56969697,1.25821392,1.02915313,0.22906079,68.53736204,0.15422125,0.130414616,0.104948249,4,2
UNI,Northern Iowa,2015,MVC,22,12,0.647058824,1.074049986,0.986896743,0.087153243,63.31176471,1.10423483,0.962432032,0.141802798,60.49680527,0.157440706,0.148476055,0.035009501,11,1
UTAH,Utah,2015,PAC12,26,8,0.764705882,1.141633501,0.997793057,0.143840444,67.98823529,1.182995651,0.978632052,0.204363599,66.69824521,0.155241469,0.135300664,0.054202648,3,1
PROV,Providence,2015,BIGEAST,23,10,0.696969697,1.054154431,0.978482735,0.075671696,70.16969697,1.067710093,0.948802252,0.118907841,70.32533649,0.146373765,0.091356152,0.066445936,9,1
XAV,Xavier,2015,BIGEAST,27,5,0.84375,1.124503197,0.977466242,0.147036954,72.3375,1.175739358,0.950371918,0.225367439,73.58546015,0.143778259,0.144171069,0.055700134,2,1
BUT,Butler,2015,BIGEAST,21,10,0.677419355,1.145661347,1.006019701,0.139641646,70.33548387,1.197828559,0.996233074,0.201595485,70.27062786,0.129510768,0.141865021,0.041057151,9,1
JOES,Saint Joseph's (PA),2015,A10,27,7,0.794117647,1.097520386,0.985979758,0.111540628,70.69411765,1.132421572,0.961349051,0.171072521,71.64549265,0.13594576,0.142155546,0.038202919,8,1
HAW,Hawaii,2015,BIGWEST,27,5,0.84375,1.098575347,0.933833881,0.164741467,70.63125,1.113529266,0.909372596,0.20415667,70.81631534,0.121056952,0.129704846,-0.025182325,13,1
VCU,Virginia Commonwealth,2015,A10,24,10,0.705882353,1.090297392,0.964912281,0.125385111,70.81176471,1.107270239,0.93086731,0.176402929,71.79140053,0.124740893,0.122366779,0.029093525,10,1
YALE,Yale,2015,IVY,22,6,0.785714286,1.119561749,0.944903581,0.174658167,67.15,1.15079196,0.888426182,0.262365778,65.83864542,0.144839226,0.126034565,-0.002394271,12,1
IOWA,Iowa,2015,BIG10,21,10,0.677419355,1.126780229,0.989041605,0.137738624,69.30967742,1.171283973,0.960214636,0.211069337,69.73226865,0.115810588,0.132695023,0.08371672,7,1
MTU,Middle Tennessee,2015,CUSA,24,9,0.727272727,1.060284628,0.991027732,0.069256896,68.56363636,1.055660458,0.965068963,0.090591495,67.59144906,0.113095104,0.134040866,0.002186107,15,1
UK,Kentucky,2015,SEC,26,8,0.764705882,1.170801279,0.994344958,0.176456322,68.05294118,1.251457491,0.966130003,0.285327488,67.3277801,0.11850983,0.120249135,0.070935836,4,1
WICH,Wichita State,2015,AAC,24,8,0.75,1.101033835,0.890140845,0.21089299,66.5,1.143295896,0.837266981,0.306028915,65.64565373,0.159996208,0.103700366,0.006678249,11,1
UALR,Arkansas-Little Rock,2015,SUNBELT,29,4,0.878787879,1.105914588,0.931093109,0.174821479,64.14545455,1.135185888,0.883233486,0.251952402,60.80704817,0.097632154,0.14556612,-0.024571306,12,1
SFA,Stephen F. Austin,2015,SOUTHLAND,27,5,0.84375,1.162361624,0.936588921,0.225772702,69.44375,1.208858112,0.884348157,0.324509956,67.96944134,0.156322894,0.123985552,-0.048796194,14,1
CONN,Connecticut,2015,AAC,24,10,0.705882353,1.09743229,0.936354112,0.161078178,66.89411765,1.127073192,0.889617656,0.237455535,65.95543367,0.132987316,0.137676956,0.062593478,9,1
CSB,Cal State Bakersfield,2015,WAC,24,8,0.75,1.069663127,0.926430518,0.143232609,68.275,1.068995401,0.884250906,0.184744495,67.70277541,0.108985508,0.120358451,-0.096166163,15,0
TEM,Temple,2015,AAC,21,11,0.65625,1.023956003,1.006717671,0.017238332,67.05,1.033067321,0.986142302,0.046925019,66.3706552,0.130581141,0.11298378,0.053114887,10,0
HALL,Seton Hall,2015,BIGEAST,25,8,0.757575758,1.064288176,0.951671914,0.112616263,70.32727273,1.086057515,0.911280654,0.174776861,70.54990091,0.084561561,0.116052921,0.060171841,6,0
UNCA,UNC Asheville,2015,BIGSOUTH,22,11,0.666666667,1.061675883,0.956040029,0.105635854,71.24242424,1.049171815,0.912174714,0.136997101,72.02573263,0.122762402,0.122732465,-0.029589176,15,0
CIN,Cincinnati,2015,AAC,22,10,0.6875,1.093881364,0.932258363,0.161623,66.90625,1.119174256,0.887345921,0.231828336,66.02988257,0.115573472,0.147675468,0.056601823,9,0
FRES,Fresno State,2015,MWC,25,9,0.735294118,1.071906914,0.993034248,0.078872666,70.27058824,1.082077856,0.974252556,0.1078253,70.30612889,0.129253265,0.111307772,0.008639865,14,0
UNCW,North Carolina-Wilmington,2015,COLONIAL,25,7,0.78125,1.105827953,1.017309875,0.088518078,71.6375,1.125794633,1.003777328,0.122017304,72.38503423,0.106834938,0.121348535,0.006487714,13,0
STON,Stony Brook,2015,AE,26,6,0.8125,1.136805106,0.959199686,0.17760542,67.56875,1.161051881,0.915703609,0.245348272,66.3545309,0.124254205,0.132631618,-0.031522484,13,0
COLO,Colorado,2015,PAC12,22,11,0.666666667,1.07011857,0.990994818,0.079123753,71.04848485,1.076812243,0.960116266,0.116695977,70.99259164,0.148328133,0.127193408,0.034507162,8,0
CHAT,Chattanooga,2015,SOUTHERN,29,5,0.852941176,1.113510712,0.992602866,0.120907845,68.09411765,1.127490657,0.961791401,0.165699256,66.41269874,0.147996642,0.118549223,-0.032166423,12,0
MSU,Michigan State,2015,BIG10,29,5,0.852941176,1.190413484,0.938343638,0.252069846,67.00588235,1.267613541,0.892583619,0.375029922,66.32409435,0.142458271,0.144977789,0.055692486,2,0
BUFF,Buffalo,2015,MAC,20,14,0.588235294,1.06717928,1.040352043,0.026827237,72.67647059,1.070069193,1.022858824,0.047210369,74.44434161,0.134953919,0.110909691,0.031824709,14,0
HC,Holy Cross,2015,PATRIOT,14,19,0.424242424,0.990535698,1.067217529,-0.076681831,65.95757576,0.968967861,1.078232953,-0.109265092,64.33179367,0.136125777,0.15983665,-0.031400557,16,0
USC,USC,2015,PAC12,21,12,0.636363636,1.091295812,1.016816421,0.074479391,74.08484848,1.114484129,1.00343264,0.111051488,75.86862514,0.105775489,0.129098913,0.066366847,8,0
PUR,Purdue,2015,BIG10,26,8,0.764705882,1.136285469,0.944841236,0.191444233,68.41176471,1.182187515,0.896781575,0.285405941,68.40056914,0.170066557,0.146157746,0.080127199,5,0
BAY,Baylor,2015,BIG12,22,11,0.666666667,1.140783224,1.015271242,0.125511982,67.63030303,1.198087959,1.005780995,0.192306964,66.64203062,0.140046537,0.144041389,0.079884677,5,0
IONA,Iona,2015,MAAC,22,10,0.6875,1.106333073,1.011327555,0.095005518,71.94375,1.145912542,0.998354382,0.147558161,73.0289185,0.11741443,0.115982789,-0.00308453,13,0
WVU,West Virginia,2015,BIG12,26,8,0.764705882,1.127249895,0.954246714,0.173003182,70.26470588,1.167164735,0.908815865,0.25834887,70.72363605,0.14140156,0.151684014,0.086242547,3,0
ARIZ,Arizona,2015,PAC12,25,8,0.757575758,1.140813894,0.96901864,0.171795254,71.18787879,1.18693738,0.936927167,0.250010213,71.38056999,0.1457137,0.131161937,0.03958577,6,0
FGCU,Florida Gulf Coast,2015,AS,20,13,0.606060606,1.081311196,1.022452337,0.058858859,71.18181818,1.062700309,1.009513662,0.053186648,70.70286836,0.133267088,0.119778676,-0.041513117,16,0
SDST,South Dakota State,2015,SUMMIT,26,7,0.787878788,1.112535361,1.013886247,0.098649114,68.55757576,1.144330473,0.990056484,0.154273989,68.19758074,0.139689697,0.110000373,-0.000565661,12,0
TTU,Texas Tech,2015,BIG12,19,12,0.612903226,1.083639173,1.036182636,0.047456537,66.8,1.107676796,1.032444857,0.075231939,65.75150128,0.148545686,0.131467965,0.096786359,8,0
PITT,Pittsburgh,2015,ACC,21,11,0.65625,1.132892531,1.01770326,0.115189272,67.1125,1.163354861,1.002556699,0.160798162,66.22226407,0.172891837,0.147674772,0.05822464,10,0
HAMP,Hampton,2015,MEAC,21,10,0.677419355,1.013111888,1.018798716,-0.005686828,73.80645161,1.000333986,1.021255825,-0.020921839,75.67972586,0.131494883,0.143968722,-0.075429484,16,0
CAL,California,2015,PAC12,23,10,0.696969697,1.091589608,0.970856742,0.120732867,68.81818182,1.116458821,0.92761367,0.188845151,68.51537374,0.095370931,0.089335355,0.07036161,4,0
DAY,Dayton,2015,A10,25,7,0.78125,1.058291911,0.952079566,0.106212345,69.15625,1.057485696,0.915236765,0.142248932,68.97542951,0.143221061,0.158764504,0.041406956,7,0
WEB,Weber State,2015,BIGSKY,26,8,0.764705882,1.120223272,0.976235485,0.143987787,68.5,1.120451067,0.940290723,0.180160344,67.5523945,0.117112411,0.115358485,-0.069042045,15,0
PEAY,Austin Peay,2015,OVC,18,17,0.514285714,1.079250487,1.089320887,-0.010070401,70.44571429,1.07885698,1.090277136,-0.011420156,70.92425961,0.179479453,0.106152875,-0.010025733,16,0
ORST,Oregon State,2015,PAC12,19,12,0.612903226,1.050898485,1.025434947,0.025463538,68.57419355,1.059396802,1.013457589,0.045939213,67.66369681,0.092523379,0.127312008,0.071686827,7,0
TEX,Texas,2015,BIG12,20,12,0.625,1.071830986,1.014911463,0.056919523,66.5625,1.09321462,0.993558374,0.099656246,64.92471957,0.138792712,0.154639378,0.112517176,6,0
MICH,Michigan,2015,BIG10,22,12,0.647058824,1.132633844,1.032110092,0.100523753,65.59411765,1.182564915,1.01340577,0.169159144,64.14016264,0.151861132,0.149713963,0.070475949,11,0
GB,Green Bay,2015,HORIZON,23,12,0.657142857,1.089189389,1.02968532,0.059504069,77.33142857,1.110068973,1.011060124,0.099008849,80.71704858,0.137543627,0.135549111,-0.013130706,14,0
DUKE,Duke,2014,ACC,29,4,0.878787879,1.215166743,0.973809738,0.241357005,66.33333333,1.321581358,0.940186903,0.381394456,66.82286419,0.162410041,0.121193133,0.09310825,1,6
WIS,Wisconsin,2014,BIG10,31,3,0.911764706,1.216404539,0.932004689,0.28439985,59.09411765,1.325990154,0.889031601,0.436958553,55.95873502,0.154338575,0.163657662,0.088055652,1,5
MSU,Michigan State,2014,BIG10,23,11,0.676470588,1.115472387,0.972309913,0.143162475,64.44117647,1.173610336,0.931965207,0.241645129,64.42195449,0.139827881,0.159079504,0.092223056,7,4
UK,Kentucky,2014,SEC,34,0,1,1.171573137,0.828666908,0.34290623,63.94117647,1.242823219,0.749339723,0.493483496,62.97916297,0.114004959,0.137718502,0.065567011,1,4
ND,Notre Dame,2014,ACC,29,5,0.852941176,1.218624955,1.005767844,0.21285711,64.68235294,1.314404403,1.010180065,0.304224338,64.27780678,0.142757656,0.140176077,0.040023143,3,3
GONZ,Gonzaga,2014,WCC,32,2,0.941176471,1.219954649,0.925195044,0.294759605,64.85294118,1.299752206,0.87447825,0.425273956,64.58133932,0.156710592,0.11940693,0.037651576,2,3
ARIZ,Arizona,2014,PAC12,31,3,0.911764706,1.154803164,0.874736657,0.280066506,66.19411765,1.216430787,0.809792944,0.406637842,66.35421487,0.11486067,0.106453182,0.054670858,2,3
LOU,Louisville,2014,ACC,24,8,0.75,1.019140517,0.867328355,0.151812162,67.91875,1.028362895,0.813992846,0.214370049,68.82605143,0.160510967,0.163899912,0.092843943,4,3
WVU,West Virginia,2014,BIG12,23,9,0.71875,1.054273238,0.977962692,0.076310546,70.13125,1.07383175,0.962908868,0.110922882,72.42853072,0.132953791,0.145672616,0.078018828,5,2
WICH,Wichita State,2014,AAC,28,4,0.875,1.128934318,0.894610299,0.23432402,61.75625,1.180983939,0.847636833,0.333347106,60.71929886,0.137570841,0.122266704,0.001223525,7,2
UCLA,UCLA,2014,PAC12,20,13,0.606060606,1.056,1.004294533,0.051705467,68.18181818,1.073330999,0.994083835,0.079247164,69.08547277,0.180157242,0.112080036,0.087275308,11,2
UNC,North Carolina,2014,ACC,24,11,0.685714286,1.108356365,0.980263697,0.128092668,70.29714286,1.179270316,0.938440467,0.240829849,72.96105734,0.139555666,0.149580658,0.138101623,4,2
OKLA,Oklahoma,2014,BIG12,22,10,0.6875,1.046934692,0.912561352,0.134373339,68.7125,1.070499984,0.849821716,0.220678269,70.21397589,0.11742285,0.13943447,0.087968387,3,2
XAV,Xavier,2014,BIGEAST,21,13,0.617647059,1.100211156,1.008152889,0.092058268,66.85882353,1.150766226,0.987818414,0.162947811,67.47431722,0.128350947,0.154089297,0.09147476,6,2
NCST,North Carolina State,2014,ACC,20,13,0.606060606,1.08419677,1.004186047,0.080010724,64.92727273,1.116289802,0.990863964,0.125425838,64.79501964,0.114417798,0.15189308,0.105677705,8,2
UTAH,Utah,2014,PAC12,24,8,0.75,1.154192516,0.899930851,0.254261665,62.4625,1.219224999,0.843121363,0.376103636,60.33702845,0.141621349,0.145072715,0.045007006,5,2
ORE,Oregon,2014,PAC12,25,9,0.735294118,1.090777853,1.017860166,0.072917687,69.27058824,1.115643302,1.025110372,0.09053293,70.29057139,0.121202052,0.134236912,0.054451132,8,1
GTWN,Georgetown,2014,BIGEAST,21,10,0.677419355,1.085578447,0.984476321,0.101102125,65.13548387,1.115316023,0.957370751,0.157945272,64.83880093,0.146670925,0.131351177,0.098213917,4,1
ARK,Arkansas,2014,SEC,26,8,0.764705882,1.105232461,0.992344179,0.112888282,70.6,1.147135525,0.98052591,0.166609615,73.08970947,0.115989412,0.172497118,0.057730339,5,1
UVA,Virginia,2014,ACC,29,3,0.90625,1.116867856,0.857535115,0.259332741,58.50625,1.170287376,0.776794599,0.393492776,55.15891882,0.157767378,0.167613544,0.067368253,2,1
GAST,Georgia State,2014,SUNBELT,24,9,0.727272727,1.114918787,0.954701835,0.160216952,64.55151515,1.157883762,0.918200204,0.239683558,62.88535263,0.153020089,0.167261334,-0.005299625,14,1
KU,Kansas,2014,BIG12,26,8,0.764705882,1.068119651,0.967614186,0.100505464,66.66470588,1.111485556,0.93094341,0.180542146,67.47653944,0.152911048,0.090820207,0.141413221,2,1
VILL,Villanova,2014,BIGEAST,32,2,0.941176471,1.177672813,0.911412469,0.266260344,64.75882353,1.264132554,0.858999988,0.405132566,64.20598542,0.173702435,0.117465851,0.050208207,1,1
OSU,Ohio State,2014,BIG10,23,10,0.696969697,1.141215107,0.939839328,0.201375779,66.43636364,1.19335812,0.904811875,0.288546245,66.91529629,0.142211813,0.134176052,0.067257691,10,1
DAY,Dayton,2014,A10,25,8,0.757575758,1.066521368,0.942158058,0.124363311,63.95757576,1.086234114,0.911529124,0.17470499,63.02674687,0.135689958,0.115444693,0.014740532,11,1
SDSU,San Diego State,2014,MWC,26,8,0.764705882,1.00181194,0.867332245,0.134479694,61.68235294,0.9862046,0.803270161,0.18293444,60.56241614,0.155837989,0.138229177,0.04200939,8,1
CIN,Cincinnati,2014,AAC,22,10,0.6875,1.051522495,0.912420054,0.139102441,59.31875,1.076002793,0.873669075,0.202333718,56.80740306,0.168520386,0.126420179,0.043543044,8,1
MD,Maryland,2014,BIG10,27,6,0.818181818,1.076930302,0.96254958,0.114380722,64.52121212,1.102005437,0.936023472,0.165981965,63.87048183,0.097219821,0.129154262,0.084158405,4,1
UAB,UAB,2014,CUSA,19,15,0.558823529,1.021111402,0.989392994,0.031718408,67.42941176,1.017749643,0.97990672,0.037842923,67.79204302,0.144077798,0.131501828,0.023707936,14,1
IOWA,Iowa,2014,BIG10,21,11,0.65625,1.076483133,0.95247258,0.124010553,64.475,1.113618514,0.920404787,0.193213727,64.07464762,0.152309248,0.162543926,0.092778432,7,1
UNI,Northern Iowa,2014,MVC,30,3,0.909090909,1.132164602,0.92600248,0.206162122,57.73333333,1.190982385,0.884582905,0.30639948,54.80320109,0.133367594,0.120191462,0.014344446,5,1
BUT,Butler,2014,BIGEAST,22,10,0.6875,1.059899057,0.935320531,0.124578526,65.63125,1.073621815,0.887800135,0.185821679,65.38097732,0.152397219,0.124604078,0.06102915,6,1
LSU,LSU,2014,SEC,22,10,0.6875,1.030414263,0.949688842,0.080725421,71.5125,1.038886857,0.924034349,0.114852508,74.72107391,0.114165753,0.111770317,0.030169531,9,0
WOF,Wofford,2014,SOUTHERN,28,6,0.823529412,1.079723197,0.965344048,0.114379148,62.05294118,1.086919285,0.925706779,0.161212506,59.02347265,0.146702346,0.152179067,-0.020623931,12,0
ALBY,Albany,2014,AE,24,8,0.75,1.066666667,0.977974015,0.088692651,61.40625,1.094437808,0.97266398,0.121773828,59.66632405,0.14751873,0.144543048,-0.048159303,14,0
ISU,Iowa State,2014,BIG12,25,8,0.757575758,1.132422491,0.987387699,0.145034792,69.2,1.199533786,0.969017728,0.230516058,70.9763079,0.125487956,0.147839447,0.089351343,3,0
EWU,Eastern Washington,2014,BIGSKY,26,8,0.764705882,1.17773203,1.086977052,0.090754978,68.57647059,1.212091902,1.097565434,0.114526468,70.27152516,0.124787624,0.130131311,-0.018572305,13,0
HARV,Harvard,2014,IVY,22,7,0.75862069,1.036999889,0.931419079,0.105580809,61.88275862,1.035868021,0.885616872,0.150251148,60.59822116,0.179193404,0.14298269,0.014282686,13,0
HAMP,Hampton,2014,MEAC,16,17,0.484848485,0.971588916,0.982572905,-0.010983989,69.11515152,0.949073836,0.973509783,-0.024435947,70.85417829,0.118699225,0.131640415,-0.066144455,16,0
NMSU,New Mexico State,2014,WAC,23,10,0.696969697,1.09178744,0.942589577,0.149197863,62.72727273,1.119242026,0.907251454,0.211990572,61.87022057,0.145584343,0.13280918,-0.024609205,15,0
BUFF,Buffalo,2014,MAC,23,9,0.71875,1.087566784,0.987258269,0.100308516,69.01875,1.129455526,0.954936108,0.174519418,70.86171986,0.109468267,0.120344659,0.044042681,12,0
DAV,Davidson,2014,A10,24,7,0.774193548,1.18222604,1.026657418,0.155568623,67.58709677,1.257427114,1.032912007,0.224515107,68.44091024,0.171217383,0.166881597,0.021907324,10,0
MISS,Ole Miss,2014,SEC,20,12,0.625,1.07493062,1.005305781,0.069624839,67.5625,1.117678607,0.996650707,0.1210279,68.40013172,0.163883872,0.142328968,0.066526849,11,0
BAY,Baylor,2014,BIG12,24,9,0.727272727,1.096604495,0.948546927,0.148057568,63.36363636,1.148654981,0.913254599,0.235400383,61.93251142,0.141607097,0.148881766,0.093756284,3,0
VCU,Virginia Commonwealth,2014,A10,26,9,0.742857143,1.066324815,0.971774877,0.094549938,67.97714286,1.099752373,0.939733014,0.160019359,69.67288337,0.144226818,0.119957904,0.086276056,7,0
SMU,SMU,2014,AAC,27,6,0.818181818,1.108369618,0.938511327,0.169858291,62.63636364,1.154614665,0.908794213,0.245820452,61.5559228,0.118396262,0.111558703,0.040065407,6,0
VALP,Valparaiso,2014,MVC,28,5,0.848484848,1.085665818,0.935086621,0.150579198,64.30909091,1.094982294,0.886824959,0.208157335,62.94323128,0.160817532,0.105943728,-0.033637813,13,0
IND,Indiana,2014,BIG10,20,13,0.606060606,1.153672622,1.063724163,0.089948459,67.16363636,1.221315781,1.084928291,0.13638749,67.94463474,0.134197705,0.11992451,0.072803402,10,0
UCI,UC Irvine,2014,BIGWEST,21,12,0.636363636,1.059803179,0.984977466,0.074825713,64.04848485,1.06915029,0.957327928,0.111822362,63.41908724,0.118215073,0.121356644,0.000707385,13,0
UGA,Georgia,2014,SEC,21,11,0.65625,1.04541109,0.961430444,0.083980646,65.375,1.068886071,0.928019106,0.140866965,65.20083557,0.136348719,0.128863541,0.083096585,10,0
SJU,St. John's,2014,BIGEAST,21,11,0.65625,1.054897241,0.97949779,0.075399451,67.5125,1.067692666,0.947838318,0.119854347,67.95943272,0.128351468,0.162247365,0.049831746,9,0
NDSU,North Dakota State,2014,SUMMIT,23,9,0.71875,1.046205289,0.987186332,0.059018957,61.68125,1.048299843,0.960943787,0.087356056,59.45719329,0.123744951,0.139200114,-0.035838136,15,0
LAF,Lafayette,2014,PATRIOT,20,12,0.625,1.151421088,1.118623844,0.032797244,64.43125,1.20525627,1.165598663,0.039657607,64.11830078,0.180011084,0.163443971,-0.025718028,16,0
WYO,Wyoming,2014,MWC,25,9,0.735294118,1.04090142,0.949650787,0.091250633,59.25294118,1.043861562,0.924698404,0.119163157,57.03130839,0.136313994,0.158675118,0.000277093,12,0
TXSO,Texas Southern,2014,SWAC,22,12,0.647058824,1.033253098,1.012093927,0.021159171,65.98235294,1.04655121,1.013443002,0.033108207,65.63147592,0.163397954,0.13098977,-0.057008242,15,0
RMU,Robert Morris,2014,NE,19,14,0.575757576,1.030876494,1.014525647,0.016350847,66.93333333,1.030700628,1.012531595,0.018169033,67.02869374,0.160835097,0.138772017,-0.040798998,16,0
SFA,Stephen F. Austin,2014,SOUTHLAND,29,4,0.878787879,1.170849335,0.97037037,0.200478964,67.86060606,1.230595639,0.939281154,0.291314484,67.52664144,0.174272372,0.129605433,-0.019231343,12,0
NE,Northeastern,2014,COLONIAL,23,11,0.676470588,1.078531126,1.01051669,0.068014436,63.59411765,1.110092255,0.994198323,0.115893933,62.83426768,0.1515531,0.108601755,-0.015763071,14,0
BEL,Belmont,2014,OVC,22,10,0.6875,1.103956268,1.044256819,0.059699449,67.45625,1.133169127,1.049818899,0.083350228,68.11624547,0.156332831,0.128409819,-0.031700435,15,0
CCAR,Coastal Carolina,2014,SUNBELT,24,9,0.727272727,1.092537865,1.004715465,0.0878224,65.62424242,1.103731939,0.990439871,0.113292068,64.37347822,0.141056858,0.148845062,-0.058480947,16,0
PUR,Purdue,2014,BIG10,21,12,0.636363636,1.069048501,0.980022095,0.089026405,65.47878788,1.095393266,0.945245382,0.150147885,65.43750383,0.11220032,0.172990349,0.074381791,9,0
TEX,Texas,2014,BIG12,20,13,0.606060606,1.066806243,0.939296823,0.127509419,63.68484848,1.099865952,0.893570015,0.206295937,62.61422192,0.121799189,0.164499238,0.085748453,11,0
OKST,Oklahoma State,2014,BIG12,18,13,0.580645161,1.044126476,0.973985754,0.070140722,64.47741935,1.065170962,0.953370323,0.11180064,63.55081802,0.126724586,0.140605038,0.085726974,9,0
PROV,Providence,2014,BIGEAST,22,11,0.666666667,1.056832695,0.989650119,0.067182576,66.43636364,1.080469131,0.965529809,0.114939322,66.98227517,0.138066711,0.12163296,0.099110152,6,0
CONN,Connecticut,2013,AAC,26,8,0.764705882,1.093260539,0.943628529,0.14963201,65.72352941,1.107015952,0.90321257,0.203803382,64.66976665,0.157643666,0.12106723,0.011773477,7,6
UK,Kentucky,2013,SEC,24,10,0.705882353,1.141328381,0.987105768,0.154222613,66.51176471,1.175689935,0.976248517,0.199441417,65.92085011,0.122316202,0.108243002,0.025320682,8,5
FLA,Florida,2013,SEC,32,2,0.941176471,1.123201943,0.918843284,0.204358659,62.97647059,1.150401195,0.883274376,0.267126819,60.94017592,0.107736355,0.13326911,-0.011303849,1,4
WIS,Wisconsin,2013,BIG10,26,7,0.787878788,1.177583697,0.998594189,0.178989508,62.45454545,1.233667524,0.996362116,0.237305409,60.44228169,0.154427921,0.156785993,0.01129069,2,4
ARIZ,Arizona,2013,PAC12,30,4,0.882352941,1.120635207,0.885435328,0.235199879,65.19411765,1.13720664,0.828751444,0.308455195,64.10157542,0.128113149,0.111637023,0.008321227,1,3
MICH,Michigan,2013,BIG10,25,8,0.757575758,1.177006424,1.0384171,0.138589324,63.20606061,1.238895941,1.055915788,0.182980153,61.54374754,0.152228379,0.126454561,0.029937994,2,3
DAY,Dayton,2013,A10,23,10,0.696969697,1.106382979,1.070826307,0.035556672,67.88888889,1.159233769,1.089899549,0.06933422,68.38099508,0.128314726,0.090978012,-0.099164219,11,3
MSU,Michigan State,2013,BIG10,26,8,0.764705882,1.146536412,0.980400812,0.1661356,66.23529412,1.195446074,0.962640845,0.232805229,66.04955533,0.181304173,0.118098779,0.010371347,4,3
ISU,Iowa State,2013,BIG12,26,7,0.787878788,1.135891685,1.012201195,0.12369049,72.96363636,1.169238189,0.998852799,0.170385391,75.33233285,0.103819987,0.105585458,-0.009523097,3,2
STAN,Stanford,2013,PAC12,21,12,0.636363636,1.100027206,1.020730059,0.079297147,66.83030303,1.120524444,1.011063601,0.109460843,66.36031062,0.123297301,0.1378932,0.005067876,10,2
UVA,Virginia,2013,ACC,28,6,0.823529412,1.089618974,0.901505706,0.188113267,60.51764706,1.103644487,0.85979708,0.243847407,58.33458869,0.146409834,0.13794448,-0.008758805,1,2
BAY,Baylor,2013,BIG12,24,11,0.685714286,1.154892497,1.053628038,0.101264459,65.11428571,1.187016233,1.072748998,0.114267236,63.45039864,0.19370023,0.109033387,-0.014429424,6,2
TENN,Tennessee,2013,SEC,21,12,0.636363636,1.138077741,0.970163999,0.167913742,62.67878788,1.168301526,0.945879123,0.222422403,60.93251903,0.175818528,0.129076168,0.014287258,11,2
SDSU,San Diego State,2013,MWC,29,4,0.878787879,1.08772661,0.895345237,0.192381373,63.98666667,1.07692329,0.875155198,0.201768092,62.60003307,0.143496038,0.133526829,-0.128924748,4,2
LOU,Louisville,2013,ACC,29,5,0.852941176,1.201273556,0.890158021,0.311115535,68.35882353,1.241794435,0.853591246,0.388203189,68.62160334,0.137780738,0.14786979,-0.085745951,4,2
UCLA,UCLA,2013,PAC12,26,8,0.764705882,1.161877715,0.998423106,0.163454609,70.42352941,1.19247087,1.002122921,0.19034795,71.69068649,0.141754599,0.112482234,-0.019784224,4,2
SFA,Stephen F. Austin,2013,SOUTHLAND,31,2,0.939393939,0.945121951,1.081081081,-0.13595913,65.6,0.981696598,1.02448386,-0.042787262,63.77925088,,,-0.281545658,12,1
MEM,Memphis,2013,AAC,23,9,0.71875,1.089704204,0.981528274,0.10817593,71.20625,1.108555756,0.969923009,0.138632748,72.10602267,0.12795192,0.127464279,0.013934106,8,1
NDSU,North Dakota State,2013,SUMMIT,25,6,0.806451613,1.066350711,1.161695447,-0.095344737,63.3,1.172720065,1.139224188,0.033495876,62.3331907,0.028741872,0.175023606,-0.153855425,12,1
MER,Mercer,2013,SOUTHERN,26,8,0.764705882,1.042924212,1.090047393,-0.047123181,74.55,1.09372036,1.06378763,0.02993273,77.15580487,0.154162926,0.131734123,-0.244756518,14,1
KU,Kansas,2013,BIG12,24,9,0.727272727,1.157676714,1.03195739,0.125719324,68.76363636,1.206257134,1.023119487,0.183137647,69.31978608,0.156535852,0.104498206,0.068234327,2,1
GONZ,Gonzaga,2013,WCC,28,6,0.823529412,1.183495423,0.998307953,0.185187471,66.59047619,1.194097971,1.03056298,0.163534991,65.3446061,0.137903863,0.138788624,-0.132578185,8,1
TEX,Texas,2013,BIG12,23,10,0.696969697,1.068869079,1.006357777,0.062511301,69.34545455,1.062479333,0.996806635,0.065672698,69.57504113,0.098709952,0.148371998,0.022236545,7,1
HARV,Harvard,2013,IVY,25,4,0.862068966,0.986445783,0.911517925,0.074927858,66.4,0.958959313,0.849792715,0.109166598,67.02819828,0.053014964,0.114956347,-0.137591259,12,1
VILL,Villanova,2013,BIGEAST,28,4,0.875,1.156359286,0.959045905,0.197313381,67.9125,1.194341159,0.924950423,0.269390736,68.06614559,0.155781379,0.138209197,-0.016327622,2,1
WICH,Wichita State,2013,AAC,34,0,1,1.16859459,0.907055874,0.261538716,64.58235294,1.17728705,0.90534976,0.27193729,63.23109094,0.148762666,0.106617771,-0.179407013,1,1
ORE,Oregon,2013,PAC12,23,9,0.71875,1.151411237,1.036868377,0.11454286,71.08125,1.179676747,1.055582811,0.124093935,72.1255227,0.128842425,0.139646796,-0.035663657,7,1
CREI,Creighton,2013,BIGEAST,26,7,0.787878788,1.220022309,1.03372979,0.186292519,65.2,1.286679245,1.058371845,0.2283074,63.9013333,0.180584747,0.13656717,-0.039296792,3,1
SYR,Syracuse,2013,ACC,27,5,0.84375,1.126200558,0.987244633,0.138955924,60.51875,1.14495943,0.983657931,0.1613015,58.08372719,0.152092591,0.125434378,-0.00675297,3,1
SLU,Saint Louis,2013,A10,26,6,0.8125,0.998856583,0.948529412,0.050327171,68.02222222,0.972418636,0.929440954,0.042977682,67.70100199,0.095578556,0.141030435,-0.109660087,5,1
PITT,Pittsburgh,2013,ACC,25,9,0.735294118,1.138001108,0.982391103,0.155610006,63.68235294,1.171225622,0.968841853,0.202383768,62.82821815,0.14033364,0.129897928,-0.015822046,9,1
UNC,North Carolina,2013,ACC,23,9,0.71875,1.090860359,0.984848485,0.106011874,69.95625,1.096676209,0.972783664,0.123892544,71.81855428,0.153094054,0.108496105,0.006151296,6,1
WOF,Wofford,2013,SOUTHERN,20,12,0.625,0.899339934,1.260434057,-0.361094123,60.6,0.900360365,1.288200014,-0.38783965,58.30898947,0.044038788,0.005145313,-0.284991625,15,0
WEB,Weber State,2013,BIGSKY,19,11,0.633333333,0.869565217,1.172316384,-0.302751167,69,0.870968448,1.114685416,-0.243716968,68.29550249,,,-0.266669567,16,0
NCST,North Carolina State,2013,ACC,21,13,0.617647059,1.080050256,1.061286844,0.018763412,65.54705882,1.087872287,1.090848061,-0.002975774,65.66772692,0.121946524,0.150909554,0.005392116,12,0
CIN,Cincinnati,2013,AAC,27,6,0.818181818,1.084233674,0.913621262,0.170612412,63.38787879,1.074077782,0.883810896,0.190266886,61.30309427,0.143423733,0.106956468,-0.015972968,5,0
DUKE,Duke,2013,ACC,26,8,0.764705882,1.200179533,1.035406264,0.164773269,65.52941176,1.26088691,1.051975988,0.208910922,65.48659883,0.139038279,0.173344694,0.007140113,3,0
PROV,Providence,2013,BIGEAST,23,11,0.676470588,1.094065934,1.034935645,0.059130289,66.91176471,1.113636105,1.0378828,0.075753305,66.87605716,0.147230529,0.136759528,0.008637059,11,0
KSU,Kansas State,2013,BIG12,20,12,0.625,1.052060738,0.998765198,0.05329554,66.26875,1.040045377,0.985918362,0.054127015,65.52502075,0.096694747,0.140911876,0.01243941,9,0
NEB,Nebraska,2013,BIG10,19,12,0.612903226,1.033436163,1.00279246,0.030643702,64.83225806,1.030389117,0.991634295,0.038754823,64.10173721,0.120509479,0.117497009,0.015290184,11,0
NCCU,North Carolina Central,2013,MEAC,28,5,0.848484848,1.020801233,1.131274131,-0.110472899,64.9,1.119501633,1.089173582,0.030328051,64.63602744,0.134149872,0.075024272,-0.285470642,14,0
GW,George Washington,2013,A10,24,8,0.75,0.998344371,1.021381579,-0.023037208,67.11111111,1.012790367,0.986101961,0.026688406,67.38119382,0.088815278,0.16399244,-0.087373609,9,0
CP,Cal Poly,2013,BIGWEST,13,19,0.40625,0.951065509,1.239903069,-0.28883756,63.35,1.007958248,1.232107613,-0.224149365,61.73601511,0.085796809,0.086707873,-0.134808173,16,0
DEL,Delaware,2013,COLONIAL,25,9,0.735294118,1.048850575,1.183431953,-0.134581378,69.6,1.154681055,1.155356737,-0.000675682,71.35123858,0.081131785,0.052644399,-0.176708867,13,0
MASS,Massachusetts,2013,A10,24,8,0.75,1.058543676,0.971002926,0.08754075,72.06666667,1.049492592,0.959915613,0.089576979,74.01888151,0.132400852,0.130268809,-0.089718634,6,0
ASU,Arizona State,2013,PAC12,21,11,0.65625,1.075427752,0.978685613,0.09674214,69.76875,1.064743612,0.970713364,0.094030248,70.81545433,0.113462061,0.128758201,-0.035254638,10,0
JOES,Saint Joseph's (PA),2013,A10,24,9,0.727272727,1.010067114,1.097039474,-0.08697236,66.22222222,1.002728579,1.136209615,-0.133481036,64.87021775,0.153486515,0.164914187,-0.092128234,10,0
CCAR,Coastal Carolina,2013,SUNBELT,21,12,0.636363636,0.829535096,1.051886792,-0.222351697,73.13333333,0.762753139,1.026025061,-0.263271923,76.94466266,0.198297028,0.04496891,-0.258763696,16,0
OKLA,Oklahoma,2013,BIG12,23,9,0.71875,1.140761954,1.048993347,0.091768608,72.01875,1.178264267,1.063289192,0.114975075,73.58169598,0.122895719,0.147345066,0.026160169,5,0
AMER,American University,2013,PATRIOT,20,12,0.625,0.744985673,0.931952663,-0.186966989,69.8,0.725826422,0.812789068,-0.086962646,72.27915176,,,-0.210026807,15,0
OKST,Oklahoma State,2013,BIG12,21,12,0.636363636,1.152207928,0.97946559,0.172742338,69.72121212,1.192819794,0.950460163,0.242359631,70.37810309,0.098596469,0.11159834,-0.013229113,9,0
MAN,Manhattan,2013,MAAC,25,7,0.78125,1.235632184,0.941828255,0.293803929,69.6,1.414385121,0.844945769,0.569439351,71.14225735,,,-0.170517622,13,0
TLSA,Tulsa,2013,AAC,21,12,0.636363636,0.979649787,1.154575628,-0.174925841,70.43333333,0.999992168,1.144749118,-0.14475695,72.2300647,0.168682098,0.115515938,-0.114967835,13,0
WMU,Western Michigan,2013,MAC,23,9,0.71875,0.733024691,0.930047695,-0.197023003,64.8,0.651251512,0.823978511,-0.172726999,65.01906882,0.166888601,0.090657291,-0.212878327,14,0
ALBY,Albany,2013,AE,18,14,0.5625,0.754098361,0.976430976,-0.222332616,61,0.708691222,0.848956756,-0.140265534,59.68767692,,,-0.208234538,16,0
MILW,Milwaukee,2013,HORIZON,21,13,0.617647059,0.919282511,1.209800919,-0.290518408,66.9,0.85257584,1.282138453,-0.429562614,67.69274723,0.069173341,0.198063963,-0.166836025,15,0
VCU,Virginia Commonwealth,2013,A10,26,8,0.764705882,1.037674216,0.895522388,0.142151828,70.64615385,1.005079531,0.887578324,0.117501207,72.69988351,0.139089664,0.156381314,-0.129467613,5,0
BYU,Brigham Young,2013,WCC,23,11,0.676470588,1.03898097,1.068597561,-0.029616591,81.45,1.079392877,1.022066407,0.057326469,88.27167384,0.171908718,0.085214461,-0.075729983,,0
ULL,Louisiana-Lafayette,2013,SUNBELT,23,11,0.676470588,0.978635424,1.230769231,-0.252133807,72.55,1.005791229,1.249218105,-0.243426876,74.7078774,0.111864147,0.218381152,-0.144060315,14,0
OSU,Ohio State,2013,BIG10,25,9,0.735294118,1.073561346,0.915975478,0.157585869,65.01176471,1.064795728,0.882967022,0.181828705,63.98703907,0.116981106,0.141399256,-0.014378486,6,0
EKY,Eastern Kentucky,2013,OVC,24,9,0.727272727,0.9,1.279809221,-0.379809221,65,0.903392425,1.293435969,-0.390043544,65.49596778,0.104193055,0.168142048,-0.201617122,15,0
NMSU,New Mexico State,2013,WAC,26,9,0.742857143,0.892307692,1.166666667,-0.274358974,65,0.92766135,1.110916782,-0.183255432,64.54707461,0.14001426,0.055349042,-0.156038558,13,0
COLO,Colorado,2013,PAC12,23,11,0.676470588,1.065929204,1.005834712,0.060094491,66.47058824,1.059968552,1.001052156,0.058916397,65.66480703,0.131938501,0.110244582,-0.000449223,8,0
UNM,New Mexico,2013,MWC,27,6,0.818181818,1.108525689,0.967234358,0.141291331,67.15,1.104994777,0.953301178,0.1516936,67.3465306,0.126623985,0.14981974,-0.084675276,7,0